id,url,comms_num,date,sentiment_score,all_found_companies
m6rnsq,https://i.redd.it/h9aeokd4iin61.jpg,13,2021-03-17 07:59:36,0.80585,PFE
m6rh6x,https://i.redd.it/7qjf6nycgin61.jpg,0,2021-03-17 07:49:44,-0.9998,PLUG
m6rgo2,https://i.redd.it/kpmtb4n7gin61.jpg,1,2021-03-17 07:48:54,0.31045,GME
m6rgbq,https://www.prnewswire.com/news-releases/advent-international-backed-ati-physical-therapy-set-to-go-public-through-business-combination-with-fortress-value-acquisition-corp-ii-301232282.html,0,2021-03-17 07:48:20,0.9993,ATI
m6rfw7,https://www.prnewswire.com/news-releases/23andme-to-merge-with-virgin-groups-vg-acquisition-corp-to-become-publicly-traded-company-set-to-revolutionize-personalized-healthcare-and-therapeutic-development-through-human-genetics-301222219.html,16,2021-03-17 07:47:35,0.054000000000000006,VG
m6rcsd,https://telecoms.com/508990/nokia-signs-global-son-deal-with-orange-group/,32,2021-03-17 07:42:26,0.25096166666666664,ORAN AI
m6raab,https://i.redd.it/yryyjr08ein61.png,49,2021-03-17 07:38:24,-0.4641116216216216,GME
m6r7wy,https://www.reddit.com/r/wallstreetbets/comments/m6r7wy/thank_you_citadel/,63,2021-03-17 07:35:02,0.5151660409556315,GME
m6r6sx,https://www.reddit.com/gallery/m6r6sx,64,2021-03-17 07:33:10,0.6870755357142857,AMC V
m6r6g1,https://i.redd.it/u4r2pdsadin61.jpg,1,2021-03-17 07:32:35,0.0245,AMC
m6qzqb,https://v.redd.it/ac8wg3m1bin61,1,2021-03-17 07:21:55,0.1591,GME
m6qsum,https://www.reddit.com/r/wallstreetbets/comments/m6qsum/evaluating_gamestop_future_the_realistic_share/,76,2021-03-17 07:11:44,0.3287450292397661,REVG NFLX WMT GME
m6qodd,http://m.koreatimes.co.kr/pages/article.asp?newsIdx=305637,9,2021-03-17 07:05:27,0.04895000000000002,KT
m6qo57,https://i.redd.it/mmuyo2ke8in61.jpg,2,2021-03-17 07:05:08,-0.398325,GME
m6qizs,https://www.reddit.com/r/wallstreetbets/comments/m6qizs/open_gme_calls_puts_0319/,63,2021-03-17 06:57:49,-0.258603125,USD NDAQ POWW GME
m6qiah,https://i.redd.it/01bh69jx6in61.jpg,1,2021-03-17 06:56:52,0.15485000000000004,SWBI
m6qi6q,https://i.redd.it/hap5mp2u6in61.png,24,2021-03-17 06:56:42,0.464277397260274,SEAS
m6qgrw,https://www.benzinga.com/node/20200347,0,2021-03-17 06:54:43,0.34,FNKO
m6qgps,https://i.redd.it/rmkj455j6in61.jpg,0,2021-03-17 06:54:38,0.0,GME
m6qfq0,https://www.google.com/amp/s/amp.benzinga.com/amp/content/20200347,1,2021-03-17 06:53:17,-0.33115,FNKO
m6qfcr,https://v.redd.it/k1cm7tbt5in61,1,2021-03-17 06:52:50,0.1591,AMC GME
m6q9cd,https://i.redd.it/zexz330m4in61.jpg,0,2021-03-17 06:43:52,0.4019,AMC GME
m6q54s,https://i.redd.it/7d54b0hh3in61.jpg,0,2021-03-17 06:37:34,0.6705,GME
m6pxds,https://www.reddit.com/r/wallstreetbets/comments/m6pxds/gme_fair_value/,30,2021-03-17 06:26:38,0.5686788834951456,GME
m6pso5,https://www.reddit.com/r/wallstreetbets/comments/m6pso5/why_institutional_ownership_is_over_100/,84,2021-03-17 06:20:06,0.0981731707317073,GME
m6pqzs,https://i.redd.it/29fc0c8wzhn61.jpg,21,2021-03-17 06:17:28,0.504642,AMC
m6pqll,https://www.reddit.com/r/wallstreetbets/comments/m6pqll/to_all_hedgies_and_apes/,8,2021-03-17 06:16:53,0.1764513888888889,GME
m6plph,https://i.redd.it/wihiretiyhn61.jpg,1,2021-03-17 06:09:46,0.27975,GME
m6pci2,https://i.redd.it/wugd0dtcwhn61.jpg,93,2021-03-17 05:57:36,-0.03280432330827068,BABA
m6pazk,https://i.redd.it/4dd5zuigvhn61.png,21,2021-03-17 05:55:20,0.40455,QQQJ
m6p8jh,https://www.reddit.com/gallery/m6p8jh,1,2021-03-17 05:51:44,0.4996,GME
m6p7vl,https://www.reddit.com/r/wallstreetbets/comments/m6p7vl/give_it_to_me_straight_when_gme_moons_it_could/,109,2021-03-17 05:50:46,0.5742820029027575,GME
m6otcu,https://i.redd.it/r9e4ec27rhn61.jpg,0,2021-03-17 05:28:42,-0.3544,BB
m6orxc,https://i.redd.it/zr15bnhtqhn61.jpg,8,2021-03-17 05:26:36,0.269125,BBBY GME
m6oqpv,https://www.reddit.com/r/wallstreetbets/comments/m6oqpv/rkt_vs_uwmc/,55,2021-03-17 05:25:00,0.05221647286821704,RKT TSLA UWMC
m6oqds,https://i.redd.it/gtsnuttfqhn61.jpg,0,2021-03-17 05:24:27,0.0,EV FSR
m6oo11,https://i.redd.it/d01nqucvphn61.jpg,1,2021-03-17 05:21:15,-0.21075,FB
m6onzn,https://i.redd.it/tqqgt00vphn61.gif,0,2021-03-17 05:21:13,0.0,GME
m6ol3o,https://i.redd.it/ba4mz4a5phn61.jpg,1,2021-03-17 05:17:11,0.2614,GME
m6okds,https://www.reddit.com/r/wallstreetbets/comments/m6okds/gme_is_just_getting_started/,352,2021-03-17 05:16:16,0.20249166666666665,C GME
m6oihz,https://i.redd.it/itmvf6pjohn61.jpg,32,2021-03-17 05:13:50,0.26837420634920633,AMC
m6oiea,https://youtu.be/ZY2fioeUyIM,1,2021-03-17 05:13:40,-0.3271,EV FSR
m6ohqe,https://i.redd.it/f3j43jvbohn61.jpg,0,2021-03-17 05:12:37,0.0,AMC
m6o4oh,https://i.redd.it/k6la8x30lhn61.jpg,0,2021-03-17 04:54:00,0.0,GME
m6nyow,https://i.redd.it/qadjqjzfjhn61.jpg,24,2021-03-17 04:45:13,0.009567857142857144,AMC
m6nvqj,https://www.reddit.com/r/wallstreetbets/comments/m6nvqj/when_there_is_max_pain_there_is_max_profit/,26,2021-03-17 04:41:04,0.08075188679245282,RKT IMO GME
m6nvmv,https://i.redd.it/0wsabe7oihn61.jpg,13,2021-03-17 04:40:54,0.92165,ARKK
m6no2v,https://i.redd.it/sppyj7cqghn61.jpg,10,2021-03-17 04:30:02,-0.90793,DASH
m6nmto,https://www.reddit.com/r/wallstreetbets/comments/m6nmto/give_me_a_chance_please/,96,2021-03-17 04:28:07,0.2788447204968945,AMC GME
m6nm9w,https://i.redd.it/xvvjclr8ghn61.jpg,1,2021-03-17 04:27:18,-0.009949999999999987,SPY
m6njm8,https://www.reddit.com/r/wallstreetbets/comments/m6njm8/can_the_mms_and_hfs_keep_artificially_increasing/,100,2021-03-17 04:23:24,0.13634182825484767,GME
m6nbgo,https://www.reddit.com/r/GME/comments/m6i4z2/the_mythical_unicorn_aka_extremely_abnormal/?utm_source=share&utm_medium=ios_app&utm_name=iossmf,2,2021-03-17 04:11:33,-0.11475000000000002,GME
m6nal5,https://nqa7vkgw322f2ttkmann6l5zky-adwhj77lcyoafdy-zhongguowangshi.translate.goog/vh512/share/9832206?9832206,1,2021-03-17 04:10:15,-0.0129,SOS
m6nafn,https://i.redd.it/rdlret06dhn61.jpg,70,2021-03-17 04:10:03,0.01756956521739131,AMZN GME
m6n760,https://www.reddit.com/r/wallstreetbets/comments/m6n760/motley_fool_has_a_bullshit_article_every_day/,48,2021-03-17 04:05:32,-0.17857835365853664,SNDL
m6n150,https://www.reddit.com/r/StocksAndTrading/comments/m60z8i/robinhoods_ui_illegally_blocks_trades/?utm_source=share&utm_medium=ios_app&utm_name=iossmf,0,2021-03-17 03:57:22,-0.2263,UI
m6mt9m,https://i.redd.it/tj257tsv8hn61.jpg,1,2021-03-17 03:46:02,0.28775,ASAN
m6mou0,https://prnt.sc/10nmbvu,0,2021-03-17 03:40:02,0.0,AMC
m6mm5h,https://www.reddit.com/gallery/m6mm5h,1,2021-03-17 03:36:21,0.0,GME
m6mkl8,https://www.reddit.com/r/wallstreetbets/comments/m6mkl8/apes_read_this_post_by_uchristianrauchenwald_why/,89,2021-03-17 03:34:09,0.10795848214285712,C TSLA TWLO GME
m6me5g,https://i.redd.it/m2e7dzn45hn61.jpg,2,2021-03-17 03:25:00,0.17600000000000002,GME
m6mbrf,https://i.redd.it/iot7x23k4hn61.jpg,1,2021-03-17 03:21:48,0.1636,SIZE
m6m8m2,https://www.reddit.com/r/wallstreetbets/comments/m6m8m2/i_really_dont_feel_like_saying_this_but_please/,399,2021-03-17 03:17:32,0.4992252413793104,GME
m6m88q,https://i.redd.it/fvm9d1vp3hn61.jpg,1,2021-03-17 03:17:05,-0.0129,AMC
m6m885,https://www.reddit.com/r/wallstreetbets/comments/m6m885/getting_retarded_on_st_pattys_day_with_michael/,34,2021-03-17 03:17:04,-0.0930571428571428,UBER LYFT TAP
m6m77i,https://i.redd.it/dsi7gm5h3hn61.jpg,15,2021-03-17 03:15:44,0.6688573529411765,GME
m6m4xp,https://www.reddit.com/r/wallstreetbets/comments/m6m4xp/hell_no_i_will_not_lend_my_htb_stocks/,19,2021-03-17 03:12:47,-0.3691170212765957,AMC
m6m431,https://www.reddit.com/r/wallstreetbets/comments/m6m431/deep_gme_exposure_part_2/,18,2021-03-17 03:11:33,0.3197725,GME
m6m2su,https://financialpost.com/investing/bill-gross-says-he-made-10-million-betting-against-gamestop,3,2021-03-17 03:09:50,-0.23835,GME
m6lzqt,https://www.reddit.com/r/wallstreetbets/comments/m6lzqt/gme_proof_that_hedgies_are_lying_about_their/,390,2021-03-17 03:05:51,-0.11200618705035968,GME
m6lzle,https://i.redd.it/lw4oguko1hn61.jpg,1,2021-03-17 03:05:40,0.2449,FLNT
m6ly2j,https://v.redd.it/lah0yw261hn61,1,2021-03-17 03:03:39,0.1591,AMC
m6lwvt,https://www.reddit.com/r/wallstreetbets/comments/m6lwvt/rkt_catalyst_coming_at_the_right_time_before_the/,182,2021-03-17 03:02:15,0.11663144003378377,RKT GL IMO
m6lue8,https://i.redd.it/i22wc0ij0hn61.jpg,0,2021-03-17 02:59:16,0.7034,GOEV
m6ls7m,https://i.redd.it/qnzylofzzgn61.jpg,40,2021-03-17 02:56:10,0.4261755154639175,PLTR AAPL
m6ls2r,https://www.reddit.com/r/wallstreetbets/comments/m6ls2r/if_you_still_have_doubts_about_the_infamous_naked/,38,2021-03-17 02:55:57,0.5674953571428571,BCS AMC GME TR
m6lqae,https://i.redd.it/kjxoi35izgn61.jpg,1,2021-03-17 02:53:28,0.52415,AMC GME
m6lpn3,https://i.redd.it/kfqgs01czgn61.jpg,1,2021-03-17 02:52:31,0.35165,AMC
m6lh6r,https://i.redd.it/fq2kvoi8xgn61.png,42,2021-03-17 02:41:06,0.2744633333333333,UNFI
m6lgf8,https://www.reddit.com/r/wallstreetbets/comments/m6lgf8/citadel_regulations_dd/,42,2021-03-17 02:40:05,0.13283362720403025,BLK STAR GME
m6lenc,https://i.redd.it/1nasm7cowgn61.jpg,8,2021-03-17 02:37:37,0.0,F
m6lecq,https://i.redd.it/o2qp6lnlwgn61.jpg,1,2021-03-17 02:37:13,0.0257,GME
m6ld0a,https://i.redd.it/h461lpl9wgn61.jpg,1,2021-03-17 02:35:19,0.52435,GME
m6l8f7,https://v.redd.it/yqb6guh4vgn61,1,2021-03-17 02:29:17,0.65875,GME
m6l5ec,https://i.redd.it/ur3jwjbfugn61.jpg,0,2021-03-17 02:25:04,0.9992,AMC GME
m6l401,https://i.redd.it/6gtl8074ugn61.jpg,50,2021-03-17 02:23:17,-0.04504085714285719,UWMC
m6l02h,https://www.youtube.com/watch?v=jtZsNy4uOZg&feature=youtu.be,1,2021-03-17 02:18:12,-0.3271,WAT
m6kzhw,https://apple.news/A79WSS7YgQVmWbVmFAqsqvw,0,2021-03-17 02:17:26,0.29600000000000004,GME
m6kzcl,https://seekingalpha.com/article/4414389-rite-aid-no-matter-how-you-cut-is-right-stock#comments,1,2021-03-17 02:17:16,-0.4939,RAD
m6kyye,https://www.reddit.com/r/wallstreetbets/comments/m6kyye/psa_partial_account_transfers_are_faster_than/,36,2021-03-17 02:16:44,0.21447352941176476,FOLD
m6kwib,https://i.redd.it/in47u8bdsgn61.jpg,0,2021-03-17 02:13:29,-0.34,NFLX OMI
m6kvgu,https://i.redd.it/dyqc2bu4sgn61.jpg,1,2021-03-17 02:12:10,-0.31860000000000005,GME
m6ktd7,https://twitter.com/thestreet/status/1371867331148840967?s=21,60,2021-03-17 02:09:26,0.058814661654135326,TWTR
m6kesp,https://youtu.be/RPFOJhep3eI,1,2021-03-17 01:51:07,0.17254999999999998,PLTR
m6kcb8,https://i.redd.it/cq14sygrngn61.jpg,30,2021-03-17 01:47:49,0.3732315789473684,VIAC
m6kbc3,https://i.redd.it/s7zsoa9kngn61.jpg,5,2021-03-17 01:46:39,-0.01985000000000001,CSU
m6k8kv,https://www.reddit.com/r/wallstreetbets/comments/m6k8kv/plug_power_down_ah_buying_opportunity/,92,2021-03-17 01:43:08,0.3774700826446281,PLUG FCEL FTEK NKLA
m6k7mw,https://i.redd.it/ol674liqmgn61.jpg,133,2021-03-17 01:41:54,-0.5021280781584582,GME
m6ju53,https://i.redd.it/pmbgd1vljgn61.png,57,2021-03-17 01:24:47,0.5347995,GME
m6js5f,https://youtube.com/watch?v=6p2CqHNvHm8&feature=share,1,2021-03-17 01:22:18,0.17254999999999998,AMC GME
m6jrl3,https://www.reddit.com/gallery/m6jrl3,4,2021-03-17 01:21:32,0.75495,SLDB
m6jolz,https://v.redd.it/gwb4v95bign61,1,2021-03-17 01:17:46,0.46425,AMC GME
m6jo9v,https://i.redd.it/e3rturrcign61.jpg,2,2021-03-17 01:17:20,0.2833,PLUG
m6jh5g,https://www.reddit.com/r/wallstreetbets/comments/m6jh5g/rkt_shot_down_by_shorts/,132,2021-03-17 01:08:26,0.11991435779816513,RKT
m6j93b,https://i.redd.it/r55thm8xegn61.png,1,2021-03-17 00:59:08,0.0245,GME
m6j8xv,https://www.linkedin.com/posts/gamestop_gamestopgives-activity-6775793489855700992-2Par/,43,2021-03-17 00:58:55,0.03423496093750002,GME
m6j7aa,https://www.reddit.com/r/wallstreetbets/comments/m6j7aa/gamestopped_by_bill_nasty/,41,2021-03-17 00:56:48,-0.33589640000000004,GME
m6j5qu,https://i.redd.it/r33hbhacegn61.jpg,0,2021-03-17 00:54:51,0.34,GME
m6j2jc,https://i.redd.it/8loiccfldgn61.png,0,2021-03-17 00:50:41,0.2023,GME
m6iuk8,https://i.redd.it/bm6nzq4tbgn61.jpg,1,2021-03-17 00:40:39,-0.0007499999999999728,CLOV
m6it7f,https://i.redd.it/u9aqxsfebgn61.png,6,2021-03-17 00:38:57,0.2139,AMC
m6ish9,https://i.redd.it/o7752v16bgn61.png,68,2021-03-17 00:37:59,0.4948594405594406,UWMC PLTR
m6iqzj,https://www.youtube.com/watch?v=c7W22JrWMk8,1,2021-03-17 00:36:12,-0.08875,GME
m6iqok,https://i.redd.it/jix80oqxagn61.jpg,0,2021-03-17 00:35:47,0.0,GME
m6iq2l,https://www.reddit.com/r/wallstreetbets/comments/m6iq2l/nok_dd/,49,2021-03-17 00:35:05,0.2265320093457944,NOK H GME
m6ipxf,https://www.reddit.com/r/wallstreetbets/comments/m6ipxf/dd_on_vonage_holding_corp_vg/,15,2021-03-17 00:34:54,0.0890375,APG JP RNG VG TWLO MSFT BAND API
m6iptw,https://www.reddit.com/r/wallstreetbets/comments/m6iptw/citadel_regulatory_breaches_know_thy_enemy_dd/,113,2021-03-17 00:34:46,-0.22030864093959726,BLK STAR GME
m6ilgg,https://youtube.com/watch?v=S3cl5VH8V9g&feature=share,1,2021-03-17 00:29:24,-0.3271,CCIV AIR
m6ii27,https://i.redd.it/rdyop7g19gn61.jpg,1,2021-03-17 00:25:08,-0.48145,AMC GME
m6ihee,https://i.redd.it/tqjopwcw8gn61.jpg,0,2021-03-17 00:24:20,-0.6867,AMC
m6igj6,https://investors.academy.com/news-releases/news-release-details/academy-sports-outdoors-announces-fourth-quarter-and-fiscal-2020,2,2021-03-17 00:23:19,0.0,ASO
m6ifdm,https://i.redd.it/kstfihwg8gn61.jpg,0,2021-03-17 00:21:57,0.0,AMC
m6if56,https://www.reddit.com/r/wallstreetbets/comments/m6if56/the_mythical_unicorn_aka_extremely_abnormal/,495,2021-03-17 00:21:41,-0.27702055888223553,NDAQ GME
m6if0g,https://i.redd.it/k57ud37e8gn61.jpg,3,2021-03-17 00:21:32,-0.1462,UWMC
m6ie7h,https://www.reddit.com/r/wallstreetbets/comments/m6ie7h/zom_why_this_should_be_worth_so_much_more/,45,2021-03-17 00:20:28,0.054092805755395684,IDXX
m6id0b,https://www.reddit.com/r/wallstreetbets/comments/m6id0b/how_uwmc_can_make_us_all_rich_friday_do_not_waste/,432,2021-03-17 00:19:02,0.3472242315789474,OPEN DTE GME UWMC
m6i933,https://www.reddit.com/r/wallstreetbets/comments/m6i933/tomorrow_the_tendie_man_comes/,83,2021-03-17 00:14:12,-0.18512184385382055,AMC GME
m6i8af,https://finance.yahoo.com/news/nyse-chairman-says-gamestop-surge-163225312.html,208,2021-03-17 00:13:16,0.5067813329646019,AMC GME
m6i6ie,https://i.redd.it/l5vscn7j6gn61.jpg,1,2021-03-17 00:11:05,0.2889,GME
m6i4dy,https://i.imgur.com/EQN7HSP.jpg,0,2021-03-17 00:08:28,-0.9992,GME
m6i48b,https://finance.yahoo.com/news/exchange-leaders-gamestop-saga-highlights-194835935.html,1,2021-03-17 00:08:17,-0.10025,GME
m6i3xg,https://i.redd.it/j7psn0xy5gn61.jpg,5,2021-03-17 00:07:56,0.9993,TSLA GME
m6i284,https://i.redd.it/gqi8dinl5gn61.jpg,10,2021-03-17 00:05:53,0.2665875,PLTR
m6i12v,https://i.redd.it/0vwacjpa5gn61.jpg,0,2021-03-17 00:04:32,0.9992,GME
m6hxsr,https://i.redd.it/3kp6ezvo4gn61.jpg,1,2021-03-17 00:00:50,-0.1027,AMC UWMC
m6hx6h,https://www.reddit.com/r/wallstreetbets/comments/m6hx6h/what_are_your_moves_tomorrow_march_17_2021/,20124,2021-03-17 00:00:13,0.04360142368324575,TWTR
m6hwud,https://i.redd.it/0gm7ewfg4gn61.jpg,1,2021-03-16 23:59:55,0.2889,AMC
m6hwt4,https://v.redd.it/5ics89dg3gn61,1,2021-03-16 23:59:53,0.6587999999999999,EYE BOOM GME
m6htb8,https://www.reddit.com/gallery/m6htb8,18,2021-03-16 23:55:38,0.21355,FSR
m6hpof,https://i.redd.it/pqnbbr0z2gn61.jpg,2462,2021-03-16 23:51:08,-0.0789311230654163,GME
m6hmgg,https://i.redd.it/vu59h1692gn61.jpg,0,2021-03-16 23:47:07,0.0,GME
m6hkez,https://www.reddit.com/r/wallstreetbets/comments/m6hkez/changes_to_callsputs_open_interest_holdings/,3,2021-03-16 23:44:38,0.4588,AMD BA DISCA ENB MRO AAPL NIO TSLA SNAP CCL AAL GE SFM VIAC DISCK GME NOK LC SOS MSFT BAC AMC PLTR F EXPI
m6hj9a,https://www.reddit.com/r/wallstreetbets/comments/m6hj9a/gme_isnt_over/,173,2021-03-16 23:43:13,0.06335729940564636,GME
m6heuf,https://apple.news/AKoomWoTDSmCBBnm0T8DNLg,0,2021-03-16 23:37:54,0.4404,GME
m6hd7g,https://www.reddit.com/r/wallstreetbets/comments/m6hd7g/pltr_alex_karp_just_slayed_it_during_his/,103,2021-03-16 23:35:47,0.049816041055718484,PLTR
m6hbxq,https://investorplace.com/2021/03/kmph-stock-why-twitter-thinks-kempharm-is-the-new-gme-short-squeeze/,0,2021-03-16 23:34:16,0.0,KMPH GME TWTR
m6h7hs,https://www.reddit.com/r/wallstreetbets/comments/m684c2/amc_megathread_for_march_16_2021/?sort=new,10,2021-03-16 23:29:01,0.13710348837209302,AMC
m6h6xh,https://finance.yahoo.com/news/bill-gross-says-made-10-184652396.html,1,2021-03-16 23:28:17,-0.22545,GME
m6h5s7,https://i.redd.it/tc39v3inyfn61.jpg,3,2021-03-16 23:26:55,-0.1147,EV
m6h440,https://i.redd.it/cz6qo19ayfn61.jpg,4,2021-03-16 23:24:51,0.0,AMC XL WAT
m6h09j,https://i.redd.it/bkveqhxexfn61.png,1,2021-03-16 23:20:13,0.52415,GME PLTR
m6gzc8,https://sec.report/fails.php?tc=GME,2,2021-03-16 23:19:10,-0.3437,GME
m6gy5e,https://www.reddit.com/r/wallstreetbets/comments/m6gy5e/gamestop_stock_tumbles_but_analyst_still_sees/,13,2021-03-16 23:17:39,0.00625,CHWY GME
m6gxy4,https://v.redd.it/ahnibuiiwfn61,0,2021-03-16 23:17:21,0.7622,AMD XT
m6gwzc,https://i.redd.it/l93p4mnqwfn61.jpg,0,2021-03-16 23:16:13,0.7096,GME
m6gssg,https://i.redd.it/60r3bd3uvfn61.jpg,1,2021-03-16 23:11:17,-0.11814999999999998,ADMP
m6gsh7,https://i.redd.it/06idhvssvfn61.jpg,1,2021-03-16 23:10:57,0.4084,RKT
m6gost,https://i.redd.it/ju0liv52vfn61.jpg,0,2021-03-16 23:06:46,0.2828,AMC
m6golr,https://www.bloomberg.com/news/articles/2021-03-16/bill-gross-says-he-made-10-million-betting-against-gamestop?utm_source=google&utm_medium=bd&cmpId=google,306,2021-03-16 23:06:33,0.3780112565445026,GME
m6gnih,https://i.redd.it/ylrlx0lsufn61.jpg,0,2021-03-16 23:05:18,0.6841,GLAD AMC GME
m6gkjv,https://i.redd.it/rh374i1qsfn61.jpg,63,2021-03-16 23:01:58,0.5026548850574712,GME SNDL
m6ge4q,https://investorplace-com.cdn.ampproject.org/v/s/investorplace.com/2021/03/kmph-stock-why-twitter-thinks-kempharm-is-the-new-gme-short-squeeze/amp/?amp_gsa=1&amp_js_v=a6&usqp=mq331AQFKAGwASA%3D#amp_tf=From%20%251%24s&aoh=16159138765400&csi=1&referrer=https%3A%2F%2Fwww.google.com&ampshare=https%3A%2F%2Finvestorplace.com%2F2021%2F03%2Fkmph-stock-why-twitter-thinks-kempharm-is-the-new-gme-short-squeeze%2F,1,2021-03-16 22:54:21,-0.17205,GME
m6gdrx,https://m.youtube.com/watch?v=TlRmmjm-oYk&feature=youtu.be,1,2021-03-16 22:53:57,-0.07305,AMC GME
m6gcy5,https://m.facebook.com/ethan.waitley.73?lst=100005456799498%3A100005456799498%3A1615920455&viewas=100000686899395 Every time I type it. It crashes. Happened over 10x proof we are doing good.,8,2021-03-16 22:52:59,-0.06386499999999998,FB GME
m6gcea,https://www.bloomberg.com/news/articles/2021-03-16/wallstreetbets-founder-goes-to-hollywood-with-his-gamestop-tale,15,2021-03-16 22:52:25,-0.024561224489795915,GME
m6gasl,http://www.newsweek.com/gorilla-charities-thank-reddit-wallstreetbets-users-raising-333000-1576574,2,2021-03-16 22:50:28,0.11655,F GME
m6g8jk,https://i.redd.it/8514jseorfn61.jpg,2,2021-03-16 22:47:49,0.3409,AMC
m6g89x,https://i.redd.it/464sce8mrfn61.jpg,8,2021-03-16 22:47:31,-0.39145,AMC
m6g60t,https://www.reddit.com/gallery/m6g60t,0,2021-03-16 22:44:44,-0.3736,AMC GME
m6g42l,https://www.reddit.com/r/wallstreetbets/comments/m6g42l/story_time_what_is_the_utilization_rate_for_amc/,41,2021-03-16 22:42:20,0.2051849462365592,AMC
m6g0aq,https://i.redd.it/4wk8nnowpfn61.jpg,1,2021-03-16 22:37:54,0.0245,UWMC
m6fzk7,http://shortvolumes.com/?t=Evfm,1,2021-03-16 22:36:59,-0.25475,EVFM
m6fzbw,https://i.redd.it/8tfifsropfn61.jpg,22,2021-03-16 22:36:40,0.14650258620689655,DIS
m6fz7a,https://www.reddit.com/gallery/m6fz7a,21,2021-03-16 22:36:30,0.14367978723404254,AMC
m6fy77,https://i.redd.it/uccn5cifpfn61.jpg,5,2021-03-16 22:35:14,0.38376,APPN
m6fsro,https://www.facebook.com/groups/731968550958957/permalink/893372181485259/,0,2021-03-16 22:28:44,0.5267,AMC GME
m6fp5s,https://twitter.com/theroaringkitty/status/1371888212055052294?s=21,1,2021-03-16 22:24:18,0.0129,CAT
m6fej8,https://www.reddit.com/r/wallstreetbets/comments/m6fej8/embracer_group_game_development_and_publishing/,15,2021-03-16 22:11:15,0.18420000000000006,USD IP
m6fbmg,https://i.redd.it/7g7n0ccjkfn61.png,0,2021-03-16 22:07:51,0.9993,VALE
m6fa6r,https://i.redd.it/l2pu33x8kfn61.jpg,59,2021-03-16 22:06:10,-0.050266352201257886,AMC
m6f3q5,https://i.redd.it/68ynzrqwifn61.jpg,11,2021-03-16 21:58:41,0.3556,GPRO
m6f2xb,https://i.redd.it/mtncx1xpifn61.jpg,12,2021-03-16 21:57:38,0.6247333333333334,UPWK
m6f1ee,https://i.redd.it/iokqm64difn61.jpg,1,2021-03-16 21:55:40,0.51185,XL AMC
m6f05x,https://i.redd.it/3gn2gii3ifn61.jpg,1,2021-03-16 21:54:07,-0.25475,CCIV
m6f041,https://www.reddit.com/r/wallstreetbets/comments/m6f041/lordstown_motors_is_getting_bashed_for_no_reason/,42,2021-03-16 21:54:04,0.4957816666666667,RIDE
m6exew,https://i.redd.it/dpxd2mfhhfn61.jpg,1,2021-03-16 21:50:41,0.26915,XL AMC
m6erqv,https://www.reddit.com/r/wallstreetbets/comments/m6erqv/69th_gme_share/,26,2021-03-16 21:44:04,0.27946233766233763,GME
m6eq8q,https://seekingalpha.com/article/4340082-gamestop-shorts-are-riding-tiger-not-knowing-how-to-get-off-without-being-eaten,0,2021-03-16 21:42:16,0.0,GME
m6ep3q,https://i.redd.it/i90w05pqffn61.jpg,0,2021-03-16 21:40:55,0.3182,GME
m6enkr,https://i.redd.it/31d5ufgdffn61.jpg,0,2021-03-16 21:39:05,0.0,GME
m6em2r,https://i.redd.it/7q5ond42ffn61.gif,1,2021-03-16 21:37:17,0.0,BC
m6ej62,https://i.redd.it/94np9rvdefn61.jpg,1,2021-03-16 21:33:46,0.2384,ABNB
m6eixc,https://www.reddit.com/r/wallstreetbets/comments/m6eixc/gme_has_anyone_considered_this_possibilitycohen/,490,2021-03-16 21:33:29,0.20441747857465045,GME
m6ehn4,https://www.reddit.com/r/wallstreetbets/comments/m6ehn4/energy_play_on_deck_halliburton_hal_47_move_by/,63,2021-03-16 21:32:00,0.2523511261261261,XL EXPE WTI HAL
m6egj5,https://i.redd.it/gxe4huxwdfn61.jpg,0,2021-03-16 21:30:42,0.0772,FAST CLSK
m6eeo2,https://i.redd.it/k26pbumidfn61.jpg,0,2021-03-16 21:28:29,0.0772,GME
m6ec0g,https://i.redd.it/vlm2l9lycfn61.jpg,1,2021-03-16 21:25:19,-0.51255,HIMS
m6e9uf,https://i.redd.it/3nhjoqwhcfn61.jpg,0,2021-03-16 21:22:45,0.1686,GME
m6e8zo,https://www.reddit.com/r/wallstreetbets/comments/m6e8zo/throw_some_gme_gains_into_uwmc_its_an_easy_win/,71,2021-03-16 21:21:46,0.52643071334214,RKT FTEK GME UWMC
m6e8dk,https://www.reddit.com/r/wallstreetbets/comments/m6e8dk/amc_apedate_update/,38,2021-03-16 21:21:01,0.0719677777777778,WELL AMC GME
m6e7mg,https://i.redd.it/rzqqr5c0cfn61.jpg,1,2021-03-16 21:20:04,0.0245,ROOT
m6e5lf,https://i.redd.it/mko3tk0lbfn61.jpg,0,2021-03-16 21:17:36,0.0,TWTR GME
m6e1k6,https://i.redd.it/tfg35ogpafn61.jpg,2,2021-03-16 21:12:42,0.6699,RKT
m6e04t,https://i.redd.it/ic4vvhafafn61.jpg,1,2021-03-16 21:11:06,0.27155,F GOLD
m6dy9s,https://i.redd.it/p1q76uw1afn61.jpg,1,2021-03-16 21:09:02,0.0,AMC
m6dxti,https://v.redd.it/j5kh6p459fn61,1,2021-03-16 21:08:29,0.48675,GME
m6dxok,https://i.redd.it/21bziqvv9fn61.jpg,1,2021-03-16 21:08:18,0.3115,GME
m6dwda,https://i.redd.it/alp39sem9fn61.jpg,1,2021-03-16 21:06:45,0.1088,GME
m6dtjq,https://i.redd.it/yoh3bjc29fn61.png,0,2021-03-16 21:03:30,-0.4767,SPCX
m6drbf,https://i.redd.it/qw2hfenl8fn61.jpg,0,2021-03-16 21:00:59,0.34,AMC GME
m6dpev,https://i.redd.it/54lpvth98fn61.jpg,0,2021-03-16 20:59:01,0.29600000000000004,BB
m6dp1p,https://www.hollywoodreporter.com/rambling-reporter/moviegoers-erupt-with-applause-as-l-a-theaters-reopen-its-absolutely-invigorating?utm_source=Sailthru&utm_medium=email&utm_campaign=THR%20Breaking%20News&utm_term=hollywoodreporter_breakingnews,0,2021-03-16 20:58:33,0.7346,AMC
m6doot,https://i.redd.it/0abnu0z38fn61.jpg,1,2021-03-16 20:58:09,0.13765,NOK
m6dmlj,https://www.reddit.com/gallery/m6dmlj,2,2021-03-16 20:55:40,-0.1421,PLTR
m6dmjw,https://www.youtube.com/watch?v=cH0kZKcA__c&t=11s,1,2021-03-16 20:55:37,-0.3271,PLTR
m6dlnx,https://i.redd.it/ipt02xqg7fn61.jpg,0,2021-03-16 20:54:33,0.4215,GME
m6djow,https://www.reddit.com/r/wallstreetbets/comments/m6djow/cleveland_cliffs_dd_clf/,33,2021-03-16 20:52:09,-0.14354302325581392,EAF CLF
m6dhwd,https://i.redd.it/99d221en6fn61.jpg,5,2021-03-16 20:49:57,-0.28365,GME
m6da24,https://i.redd.it/5zkt4f405fn61.jpg,2,2021-03-16 20:40:44,0.4588,GME
m6d4zl,https://i.redd.it/ffloy8uw2fn61.jpg,1,2021-03-16 20:34:31,0.52415,GME
m6d3ey,https://i.redd.it/gvo2u6gk3fn61.jpg,2,2021-03-16 20:32:42,-0.2294,PENN
m6d1hv,https://i.redd.it/7c45b0e53fn61.jpg,1,2021-03-16 20:30:21,0.0245,NIO
m6cymi,https://www.reddit.com/gallery/m6cymi,0,2021-03-16 20:26:57,-0.4513,RIOT MARA
m6cspo,https://i.redd.it/d5apkisa1fn61.jpg,1,2021-03-16 20:19:58,-0.04084999999999997,UEC
m6cq71,https://www.hulu.com/series/gamestopped-962a876e-3f58-4167-ba50-8c8d95b384be?cmp=14859&utm_campaign=OO_ABCNews_Facebook_OffChannel_Gamestopped&utm_medium=OrganicSocial&utm_source=OO_ABCNews&fbclid=IwAR27AAsO8YaZa1Rv3yaZCOrnf7U20joDw5d0d0H0-A-D39ocu9rsYK4dgiQ,0,2021-03-16 20:16:53,0.0,GME
m6cotr,https://www.fxstreet.com/news/sndl-stock-and-forecast-sundial-growers-inc-shares-pop-on-joint-venture-news-202103151400,1,2021-03-16 20:15:14,0.34,SNDL
m6cix8,https://apple.news/AMLDuRzirR8OMNuOGIMA_pA,0,2021-03-16 20:08:18,0.34,GME
m6cibd,https://www.reddit.com/r/wallstreetbets/comments/m6cibd/a_lurkers_appreciation_post_retirement_account/,34,2021-03-16 20:07:31,0.38747027491408936,GME
m6ch7r,https://i.redd.it/uzecu5fuyen61.png,0,2021-03-16 20:06:13,0.0,GME
m6ch5y,https://i.redd.it/erpri87uyen61.jpg,0,2021-03-16 20:06:10,0.0,DS
m6cgly,https://i.redd.it/a9c91u5hyen61.jpg,16,2021-03-16 20:05:31,-0.05267931034482759,AMC
m6cfe7,https://i.redd.it/rbip4w3hyen61.jpg,1,2021-03-16 20:04:08,-0.043999999999999984,DS
m6cf7w,https://i.redd.it/neiv12kfyen61.jpg,2,2021-03-16 20:03:54,-0.25475,RNWK
m6ceiq,https://www.reddit.com/r/evfm/comments/m6be10/evofem_biosciences_inc_nasdaqevfm_receives_1000/?utm_source=share&utm_medium=ios_app&utm_name=iossmf,2,2021-03-16 20:03:04,0.4996,NDAQ EVFM
m6cdfb,https://i.redd.it/elrvqph1yen61.jpg,42,2021-03-16 20:01:43,0.1984653846153846,GLD
m6cdds,https://m.benzinga.com/article/20188225,1,2021-03-16 20:01:41,0.4939,EV
m6ccnv,https://i.redd.it/ifzux2grxen61.png,191,2021-03-16 20:00:46,0.24538522898842474,BB
m6c98q,https://i.redd.it/6hnr4bhgwen61.png,2,2021-03-16 19:57:00,0.6875,GME
m6c96p,https://i.redd.it/8lb817arwen61.jpg,1,2021-03-16 19:56:56,0.0,GME
m6c5ay,https://i.redd.it/firjucjawen61.jpg,1,2021-03-16 19:51:55,-0.93295,GME
m6c537,https://amp.benzinga.com/amp/content/20188225,2,2021-03-16 19:51:37,-0.17205,EV
m6c1ya,https://www.newsweek.com/russia-twitter-slow-down-1575102,1,2021-03-16 19:47:43,0.06745000000000001,TWTR
m6c0o8,https://www.reddit.com/r/wallstreetbets/comments/m6c0o8/oil_buy_gush/,87,2021-03-16 19:46:11,0.5449894578313252,GUSH GME
m6bx3e,https://i.redd.it/tynsz8mguen61.jpg,0,2021-03-16 19:41:39,0.0,NOK
m6bvi2,https://i.redd.it/fy6m0kv4uen61.jpg,1,2021-03-16 19:39:48,-0.7293000000000001,GME
m6bq76,https://v.redd.it/qiylznbrsen61,2,2021-03-16 19:33:07,0.4104,J
m6bphf,https://i.redd.it/euvc4r8ssen61.jpg,0,2021-03-16 19:32:14,0.0,BB
m6bp5z,https://i.redd.it/m7zzjlepsen61.jpg,7,2021-03-16 19:31:48,0.4299,AMC TR
m6bocb,https://i.redd.it/g56dx1oisen61.jpg,20,2021-03-16 19:30:45,0.04478499999999997,AMC TR
m6bns5,https://i.redd.it/ts0sgx6esen61.jpg,1,2021-03-16 19:30:03,-0.0129,BB
m6bng5,https://pdfpiw.uspto.gov/.piw?PageNum=0&docid=10948920,29,2021-03-16 19:29:38,0.2059267857142857,BB
m6bn6a,https://www.reddit.com/gallery/m6bn6a,13,2021-03-16 19:29:17,-0.04614166666666667,TSLA
m6bmld,https://www.reddit.com/r/wallstreetbets/comments/m6bmld/diamond_hand_veteran_here_i_held_gme_from_january/,330,2021-03-16 19:28:31,0.6269090721649484,GOLD GME
m6bl3x,https://i.redd.it/7e0dmfwrren61.jpg,28,2021-03-16 19:26:35,0.6326362275449102,WISH AMC GME
m6bky5,https://i.redd.it/3bd57exhren61.jpg,2,2021-03-16 19:26:22,-0.0832,AMC
m6bjj1,https://i.redd.it/1535lqzeren61.jpg,1,2021-03-16 19:24:34,-0.0129,BB
m6biug,https://i.redd.it/pknoyty6ren61.jpg,5,2021-03-16 19:23:47,0.24025,XPEV
m6bfqb,https://i.redd.it/gk9aqx3kqen61.jpg,0,2021-03-16 19:19:49,0.0,AMC
m6bam1,https://www.reddit.com/r/wallstreetbets/comments/m6bam1/while_waiting_for_gme_to_moon/,10,2021-03-16 19:13:20,-0.007788461538461528,SPY GME
m6baaz,https://www.reddit.com/gallery/m6baaz,6,2021-03-16 19:12:57,0.2215,GPRO
m6b9pu,https://nationalmortgageprofessional.com/news/76521/more-10000-broker-shops-signed-uwms-addendum,41,2021-03-16 19:12:16,0.08117999999999999,UWM UWMC
m6b046,https://i.redd.it/fpsr72p4nen61.jpg,0,2021-03-16 19:00:33,-0.4466,BB
m6ayhn,https://i.redd.it/xbd7roxsmen61.jpg,1,2021-03-16 18:58:44,0.0129,GOEV
m6ay5x,https://i.redd.it/ai0z1pvpmen61.jpg,4,2021-03-16 18:58:18,0.07470000000000003,TTC
m6axyj,https://i.redd.it/54j1n92kmen61.png,206,2021-03-16 18:58:04,0.3097748289623717,UWMC
m6awpp,https://www.reddit.com/gallery/m6awpp,9,2021-03-16 18:56:27,0.7093,TSLA GME
m6avfh,https://i.redd.it/c12rj593men61.jpg,1,2021-03-16 18:54:46,0.0245,INTC AMD
m6au9l,https://i.redd.it/gjyg95mtlen61.jpg,1,2021-03-16 18:53:18,-0.25475,AVEO
m6asb2,https://i.redd.it/tpyahn2elen61.jpg,2,2021-03-16 18:50:48,0.0,GME
m6apoj,https://i.redd.it/zjiwwagsken61.jpg,5,2021-03-16 18:47:28,0.0,BB GME
m6apab,https://www.reddit.com/r/wallstreetbets/comments/m6apab/gpro_subscription_growth_supports_a_20_stock_price/,31,2021-03-16 18:46:56,0.5299930921052631,GPRO
m6anhh,https://www.marketbeat.com/instant-alerts/nyse-ccj-options-data-report-2021-03/,0,2021-03-16 18:44:35,0.0,CCJ
m6an62,https://i.redd.it/jgw4ejt7ken61.jpg,1,2021-03-16 18:44:13,0.2449,ENZ
m6am18,https://i.redd.it/pl442sjyjen61.jpg,1,2021-03-16 18:42:46,0.20095,AMC
m6akqb,https://i.redd.it/8d8ko9ejjen61.png,4,2021-03-16 18:41:05,-0.53165,AMD
m6ak0l,https://i.redd.it/tkh1bjndjen61.png,7,2021-03-16 18:40:10,0.10115,GME
m6ajj6,https://i.redd.it/qzq70ljdjen61.jpg,1,2021-03-16 18:39:31,0.07505,W
m6ai42,https://i.redd.it/cbltpqjsien61.png,0,2021-03-16 18:37:39,0.4767,GME
m6afgu,https://i.redd.it/zvkl9jyfien61.jpg,2,2021-03-16 18:34:19,-0.2294,GME
m6ack1,https://i.redd.it/l0chjgzrhen61.jpg,1,2021-03-16 18:30:33,0.0129,GOEV
m6ac70,https://i.redd.it/9ec5hr5phen61.jpg,2,2021-03-16 18:30:06,0.0129,GME
m6aar7,https://i.redd.it/spcyx724hen61.jpg,1,2021-03-16 18:28:12,0.81155,GME
m6a90z,https://i.redd.it/woxxlm8xgen61.jpg,9,2021-03-16 18:25:52,0.25,GME
m6a8f5,https://i.redd.it/pftm5xwngen61.jpg,1,2021-03-16 18:25:06,0.7856,GME
m6a4sd,https://www.reddit.com/r/amcstock/comments/m626wx/80_general_public_ownership_of_amc_thats_a_good/?utm_source=share&utm_medium=ios_app&utm_name=iossmf,0,2021-03-16 18:20:21,0.504,AMC
m6a3i7,https://i.redd.it/yfqpdbnkfen61.jpg,2,2021-03-16 18:18:40,-0.14550000000000002,TSLA
m6a1cq,https://www.reddit.com/r/wallstreetbets/comments/m6a1cq/corsair_crsr_dd_double_your_investment_safely/,73,2021-03-16 18:15:58,0.3286920550847457,CRSR NDAQ LOGI
m69y4r,https://i.redd.it/o8miimffeen61.jpg,1,2021-03-16 18:11:47,0.0129,RKT
m69xcx,https://i.redd.it/alyuhx58een61.jpg,1,2021-03-16 18:10:45,-0.43055,RKT
m69vha,https://youtu.be/2-nKnf5dnWM/,1,2021-03-16 18:08:23,0.1725,ANTM GME
m69ve4,https://www.reddit.com/gallery/m69ve4,66,2021-03-16 18:08:18,0.3269412698412698,GME
m69uxe,https://finance.yahoo.com/news/toys-r-us-sold-again-134343037.html?.tsrc=fin-srch,1,2021-03-16 18:07:40,0.418,R
m69rje,https://i.redd.it/io9bghcxcen61.jpg,1,2021-03-16 18:03:22,0.3313,BP
m69pw8,https://i.redd.it/zejepffkcen61.jpg,0,2021-03-16 18:01:20,0.7147,GME
m69oxc,https://i.redd.it/ciu9l6mdcen61.jpg,0,2021-03-16 18:00:18,0.9993,AMC
m69kw6,https://v.redd.it/yx3wyen5ben61,7,2021-03-16 17:54:32,0.49965,F
m69k07,https://i.redd.it/1mxsg8a4ben61.jpg,0,2021-03-16 17:53:18,0.0,FLY
m69jj8,https://i.redd.it/bg5jrfr0ben61.jpg,0,2021-03-16 17:52:40,0.0,GME
m69j13,https://i.redd.it/xc0ui6iwaen61.jpg,1,2021-03-16 17:52:01,0.3825,RKT
m69h6s,https://i.redd.it/1c6qummfaen61.jpg,1,2021-03-16 17:49:23,0.0245,GME
m69gsj,https://i.redd.it/19m5bo8caen61.jpg,1,2021-03-16 17:48:52,-0.2294,PLTR
m69f73,https://i.redd.it/3jzcly2y9en61.jpg,7,2021-03-16 17:46:41,0.49965,INO
m69df5,https://i.redd.it/e2f7pnci9en61.jpg,9,2021-03-16 17:44:12,-0.4496458333333333,GME
m69803,https://i.redd.it/32ggj7y78en61.jpg,2,2021-03-16 17:37:00,0.254,NOK
m695j0,https://i.redd.it/25asvb7l7en61.jpg,0,2021-03-16 17:33:26,0.4199,GME
m6918z,https://i.redd.it/fk1089ch6en61.png,0,2021-03-16 17:27:15,0.0,GME
m68znh,https://i.redd.it/cxd6fim26en61.jpg,1,2021-03-16 17:24:56,0.0245,GME
m68wpm,https://www.reddit.com/gallery/m68wpm,0,2021-03-16 17:20:46,0.2942,GME
m68s4r,https://technical420.com/cannabis-article/tilray-gets-the-green-light-to-bring-medical-cannabis-products-online-down-under/,7,2021-03-16 17:14:03,0.2561333333333333,TLRY
m68mrw,https://www.reddit.com/r/wallstreetbets/comments/m68mrw/yolo_update_expi_until_i_fcking_die/,4,2021-03-16 17:06:16,0.3624500000000001,EXPI
m68jm5,https://i.redd.it/g4jpnjex1en61.jpg,1,2021-03-16 17:01:45,-0.21075,GME
m68hxf,https://i.redd.it/y8loe1ok1en61.jpg,0,2021-03-16 16:59:44,0.0,GME
m68e9q,https://youtube.com/watch?v=B_HpZtbkVMo&feature=share,1,2021-03-16 16:54:14,-0.22595,AMC PLTR GME RKT SNDL NOK SPY
m68cfr,https://i.redd.it/hbl1qgv30en61.jpg,7,2021-03-16 16:51:30,0.05303333333333335,TR
m68ak2,http://youtu.be/rvQTgf6LJj8,1,2021-03-16 16:48:36,0.17254999999999998,TEAM AMC KEY
m688qd,https://i.redd.it/jvu0yuo3zdn61.jpg,0,2021-03-16 16:45:52,-0.0323,GME
m688lf,https://www.reddit.com/r/wallstreetbets/comments/m688lf/316_tuesdays_premarket_stock_movers_news/,23,2021-03-16 16:45:38,0.07080600000000001,JNJ PFE DBI FTEK CAR AZN SBUX ABBV NDAQ ULTA TSLA NKLA BABA OPEN BNTX NWSA FB MRNA WBA DKNG
m6877g,https://i.redd.it/lapnqndoydn61.jpg,0,2021-03-16 16:43:29,0.0,PENN
m686fr,https://i.redd.it/470kuq5gydn61.jpg,1,2021-03-16 16:42:13,0.52405,AMC
m683tp,https://finance.yahoo.com/amphtml/news/makes-amc-entertainment-amc-buy-160004792.html,1,2021-03-16 16:38:10,0.16849999999999998,AMC
m67zgs,https://i.redd.it/4qry7mbhwdn61.jpg,1,2021-03-16 16:31:11,0.09055,FNKO
m67rlp,https://i.redd.it/h4lo1z2audn61.jpg,1,2021-03-16 16:18:51,-0.9992,AMC
m67rj2,https://www.forbes.com/sites/greatspeculations/2021/03/16/can-gamestop-stock-advance-continue-after-a-92-surge-in-a-week/?sh=7807e27d13cf,70,2021-03-16 16:18:44,0.6476537466547725,GME
m67ohp,https://i.redd.it/xl89keldtdn61.jpg,33,2021-03-16 16:13:46,0.028289285714285718,GME
m67n2b,https://www.reddit.com/r/wallstreetbets/comments/m67n2b/scorpio_tankers_stng_could_be_going_to_the_moon/,27,2021-03-16 16:11:38,0.4564178947368421,TSLA FTEK STNG IMO TX
m67mkd,https://i.redd.it/yd7w2s3usdn61.jpg,0,2021-03-16 16:10:48,0.8172,SNDL
m67h9d,https://i.redd.it/pbr9mcpcrdn61.jpg,0,2021-03-16 16:02:27,0.9993,EV TSLA R
m67gbp,https://www.vice.com/en/article/qjpqyw/fossil-fuels-are-wildly-more-expensive-than-previously-thought-study-says?utm_source=reddit.com,0,2021-03-16 16:01:02,0.0,FOSL
m67fbr,https://i.redd.it/ovparpxvqdn61.jpg,7,2021-03-16 15:59:51,0.42305,HOPE AMC GME
m67eb7,https://i.redd.it/7uadp5ilqdn61.jpg,13,2021-03-16 15:58:12,0.16227580645161288,GME
m67dt7,https://i.redd.it/uh5ll2r5qdn61.png,148,2021-03-16 15:57:16,0.3533250625223294,GME
m67bak,https://www.reddit.com/gallery/m67bak,0,2021-03-16 15:53:06,0.9993,SOS
m67ani,https://i.redd.it/whsdjj9ipdn61.jpg,1,2021-03-16 15:52:06,0.22375,AMC GME
m671lg,https://i.redd.it/fqper9urmdn61.jpg,44,2021-03-16 15:36:46,0.3717845890410959,TSLA EV
m66siy,https://i.redd.it/3tiem99yjdn61.jpg,1,2021-03-16 15:20:57,0.0,RIDE
m66sez,https://i.redd.it/e7vqdpnwjdn61.jpg,2,2021-03-16 15:20:42,0.016950000000000017,TSLA EV
m66jze,https://i.redd.it/uk5687n8hdn61.jpg,20,2021-03-16 15:05:45,-0.0666153125,GME
m66h2m,https://youtu.be/pfuADRJUF9A,1,2021-03-16 15:00:50,-0.3271,GME
m66fye,https://www.youtube.com/watch?v=ua3d7uSVU1M&t=71s,1,2021-03-16 14:59:18,-0.3271,TSLA
m66fnv,https://i.redd.it/7m42j5qzfdn61.jpg,2,2021-03-16 14:58:45,0.0439,GME
m66ex8,https://i.redd.it/i8uy8evqfdn61.jpg,1,2021-03-16 14:57:23,-0.0129,GME
m66b5e,https://i.redd.it/xn854azhedn61.jpg,41,2021-03-16 14:50:29,0.3595230113636364,AMC
m662g0,https://screenrant.com/shrek-movie-20th-anniversary-rerelease-theaters/,2,2021-03-16 14:34:16,0.38585,AMC
m6603w,https://www.reddit.com/r/wallstreetbets/comments/m6603w/important_week_gme_must_read/,352,2021-03-16 14:29:53,0.11995942151556158,RSI GME
m65sic,https://i.redd.it/l166i1198dn61.jpg,1,2021-03-16 14:15:38,0.2687,LOW
m65s9m,https://www.reddit.com/r/wallstreetbets/comments/m65s9m/a_new_age_is_upon_us_which_side_are_you_on_riot/,71,2021-03-16 14:15:07,-0.4556307692307693,BB JP AMC RIOT GME TSLA MSTR NOK USD REVG
m65rmf,https://i.redd.it/mhimpjoy7dn61.jpg,8,2021-03-16 14:13:55,-0.28824,RKT
m65p6j,https://i.redd.it/ouyy8c5y6dn61.png,2,2021-03-16 14:09:27,0.1609,AMC
m65mmt,https://i.redd.it/n95jnr9c6dn61.jpg,25,2021-03-16 14:04:42,-0.07524322033898305,GME
m65k5g,https://www.reddit.com/r/wallstreetbets/comments/m65k5g/unpinned_daily_discussion_thread_for_march_16_2021/,619,2021-03-16 14:00:12,-0.018030245022970903,TWTR
m65k4x,https://www.reddit.com/r/wallstreetbets/comments/m65k4x/daily_discussion_thread_for_march_16_2021/,23186,2021-03-16 14:00:12,0.053528021211275464,TWTR
m65j9v,https://i.redd.it/71ibcqm55dn61.png,3,2021-03-16 13:58:40,0.261575,AMC
m65fva,https://i.redd.it/a2ajgycq2dn61.png,1,2021-03-16 13:52:00,0.06355,AMC
m65cd6,https://www.investopedia.com/terms/g/gamma-hedging.asp,0,2021-03-16 13:45:10,0.6808,GME
m658ks,https://i.redd.it/kmx6ngfi1dn61.jpg,1,2021-03-16 13:37:47,-0.75435,BBW
m64zs5,https://i.redd.it/ex7ampsaycn61.jpg,0,2021-03-16 13:19:36,0.9971,JE
m64yup,https://finance.yahoo.com/news/nokia-technology-integrated-across-aws-155711063.html,1,2021-03-16 13:17:41,-0.0129,MSFT
m64fo2,https://i.redd.it/8ozr9jlwqcn61.jpg,0,2021-03-16 12:38:09,-0.997,GME
m649fb,https://newsnreleases.com/2021/03/16/nokia-announces-plans-to-cut-its-cost-base-to-invest-in-future-capabilities/?utm_source=rss&utm_medium=rss&utm_campaign=nokia-announces-plans-to-cut-its-cost-base-to-invest-in-future-capabilities,22,2021-03-16 12:24:31,-0.0401180981595092,NOK
m644fp,https://i.redd.it/4ik7776mmcn61.jpg,1,2021-03-16 12:14:06,0.0245,GM
m640vt,https://i.redd.it/kvffhqm9lcn61.jpg,1,2021-03-16 12:06:33,-0.25475,KMPH
m640ab,https://www.reddit.com/gallery/m640ab,1,2021-03-16 12:05:18,-0.0129,KMPH
m63oaf,https://www.reddit.com/gallery/m63oaf,1,2021-03-16 11:40:14,-0.0129,KMPH
m63o13,https://i.redd.it/de1dxlahgcn61.jpg,0,2021-03-16 11:39:43,0.997,GUSH
m63m6l,https://www.reddit.com/r/wallstreetbets/comments/m63m6l/inflation_expectations_part_2/,26,2021-03-16 11:35:54,0.17394893617021273,VXX TLT PG GME
m63kk4,https://www.reddit.com/gallery/m63kk4,1,2021-03-16 11:32:25,0.29174999999999995,KMPH
m63hpo,https://i.redd.it/v9scs3rzdcn61.png,18,2021-03-16 11:26:21,0.13335599999999995,AMC
m63g4b,https://i.redd.it/vqd6myaidcn61.jpg,0,2021-03-16 11:23:04,0.0,NFLX
m63e5t,https://i.redd.it/2o1ni5zrccn61.jpg,1,2021-03-16 11:18:58,-0.0129,KMPH
m636bu,https://i.redd.it/ixtxeybi9cn61.png,42,2021-03-16 11:03:08,-0.2661276401564537,GME
m634bd,https://i.redd.it/zuclkl2a9cn61.jpg,22,2021-03-16 10:59:21,-0.21816520737327189,NIO
m63498,https://www.reddit.com/gallery/m63498,0,2021-03-16 10:59:15,0.0,POOL
m630j4,https://i.redd.it/417joyat7cn61.jpg,0,2021-03-16 10:51:08,0.4549,PFE MRNA
m62uwl,https://www.reddit.com/r/wallstreetbets/comments/m62uwl/shaw_sjrb_acquisition/,19,2021-03-16 10:39:12,-0.030442307692307706,ROG GME SJR
m62t74,https://i.redd.it/bts395s15cn61.jpg,15,2021-03-16 10:35:38,0.3413241935483871,AMC POWW
m629s4,https://www.reddit.com/r/wallstreetbets/comments/m629s4/welcome_to_the_bank_of_gamestop/,46,2021-03-16 09:57:07,0.2763419811320755,C UBS GME
m623yc,https://www.reddit.com/r/wallstreetbets/comments/m623yc/cost_basis_per_share_does_not_always_reflect_your/,27,2021-03-16 09:45:05,0.6599295918367347,AMC GME FTEK C AAL
m6217u,https://www.fool.com/investing/2021/03/15/better-buy-nike-vs-gopro/,0,2021-03-16 09:39:33,-0.4767,GPRO NKE
m61x95,https://www.reddit.com/r/wallstreetbets/comments/m61x95/global_sterile_wrap_shortages/,28,2021-03-16 09:31:31,-0.2522663461538461,WRAP
m61w0z,https://i.redd.it/uqkdikx6tbn61.jpg,1,2021-03-16 09:29:11,0.0,KMPH
m61ldc,https://seekingalpha.com/article/4414060-lendingclub-now-fintech-bank-possibility-for-massive-squeeze-higher,0,2021-03-16 09:09:31,0.9993,LC
m61joi,https://i.redd.it/wticf555pbn61.jpg,46,2021-03-16 09:06:29,0.3745854838709678,SAVA
m61dxk,https://i.redd.it/zcosr6menbn61.jpg,12,2021-03-16 08:56:45,-0.4625710526315789,GME
m618as,https://i.redd.it/hwauk5aklbn61.jpg,0,2021-03-16 08:46:25,0.9998,UWMC
m60ug6,https://i.redd.it/qn741sf1hbn61.png,25,2021-03-16 08:21:14,-0.2952460526315789,APHA
m60lky,https://www.reddit.com/r/wallstreetbets/comments/m60lky/the_power_of_budget_reconciliation_and_what_that/,9,2021-03-16 08:05:52,0.05675555555555555,BR
m60jh4,https://i.redd.it/fyqbw14pdbn61.jpg,1,2021-03-16 08:02:20,0.0245,UWM UWMC
m73jom,https://i.redd.it/j2wajzfv1mn61.png,0,2021-03-17 19:55:40,-0.3111,RIDE
m73gkx,https://i.redd.it/zzb90yj61mn61.jpg,93,2021-03-17 19:51:46,0.5862947432762836,RKT
m73g4z,https://youtu.be/Ef6WRDSI6Kk,1,2021-03-17 19:51:11,0.1128,TSLA
m73amg,https://www.reddit.com/gallery/m73amg,1,2021-03-17 19:44:02,-0.4939,EDU
m735ve,https://youtu.be/d2DU6DXfGPM,1,2021-03-17 19:38:07,-0.3271,GME
m734p3,https://www.cnn.com/2020/03/20/tech/gamestop-open-essential-business/index.html,6,2021-03-17 19:36:41,0.12385,GME
m7337p,https://www.reddit.com/r/wallstreetbets/comments/m7337p/catalyst_for_uwmc_prime_jumbo_product_launch/,94,2021-03-17 19:34:53,0.2525298234936093,UWMC
m732kt,https://www.reddit.com/r/wallstreetbets/comments/m732kt/pltr_dd_how_apollo_will_let_palantir_take_over/,34,2021-03-17 19:34:06,0.007717965367965376,CIA PG PLTR
m732ab,https://www.cnbc.com/2021/03/15/whp-global-takes-controlling-stake-in-toys-r-us-plans-to-open-stores.html,1,2021-03-17 19:33:48,0.6213500000000001,R
m72wy1,https://www.cnbc.com/2021/03/17/tesla-in-a-bubble-and-its-going-down-fund-manager-says.html,0,2021-03-17 19:27:03,0.2023,TSLA
m72v9u,https://i.redd.it/ejc71t1dwln61.jpg,0,2021-03-17 19:24:52,0.4939,RIOT
m72t2f,https://v.redd.it/pbud53glvln61,0,2021-03-17 19:22:10,0.9993,GME
m72opk,https://open.spotify.com/episode/3zzEkQVyk6u3nuNa7Q8zjM?si=cAlH5MLHTY-CZhEkkBCnIA,0,2021-03-17 19:16:31,0.4576,GME
m72muq,https://www.latimes.com/business/story/2021-03-16/fassari-sec-allegation-pump-dump,0,2021-03-17 19:14:15,0.0,GME
m72mhd,https://i.redd.it/bngzqzleuln61.jpg,2,2021-03-17 19:13:48,-0.1224,SMH
m72m5e,https://i.redd.it/m76gxofculn61.jpg,0,2021-03-17 19:13:28,-0.4767,GME
m72lor,https://i.redd.it/hopt3hg8uln61.jpg,1,2021-03-17 19:12:55,-0.39135,SKY TLRY
m72km3,https://i.redd.it/e2mxokbttln61.png,1,2021-03-17 19:11:35,-0.4748,GME
m72k8b,https://i.redd.it/hoij0pcxtln61.jpg,215,2021-03-17 19:11:06,0.5731484908136483,PLTR
m72ia1,https://www.reddit.com/r/wallstreetbets/comments/m72ia1/guess_when_i_met_you_beautiful_apes/,9,2021-03-17 19:08:49,0.44285,IBKR PLTR
m72g2e,https://i.redd.it/2cwehkb0tln61.jpg,2,2021-03-17 19:05:57,0.12695,GME
m72cn3,https://www.businessinsider.com/bill-gross-betting-against-gamestop-gme-stock-again-call-options-2021-3,13,2021-03-17 19:01:41,-0.12979444444444446,GME
m729zb,https://m.benzinga.com/article/20193265,0,2021-03-17 18:58:25,0.4278,VIAC
m7297j,https://i.redd.it/y276wjc7rln61.png,1,2021-03-17 18:57:21,-0.0129,GME
m725e1,https://www.reddit.com/gallery/m725e1,2,2021-03-17 18:52:26,0.724125,AMC
m723ey,https://i.redd.it/k65ehl95qln61.jpg,1,2021-03-17 18:49:57,-0.25475,RKT UWMC AMC GME
m722ux,https://www.thestreet.com/investing/skillz-drops-on-secondary-offering-32-million-shares,2,2021-03-17 18:49:16,0.53995,SKLZ
m722na,https://v.redd.it/929g2a5jpln61,1,2021-03-17 18:48:59,0.65875,GME
m71yp0,https://www.reddit.com/gallery/m71yp0,0,2021-03-17 18:43:57,-0.4098,XOM
m71xrm,https://i.redd.it/lif8whwknln61.png,1,2021-03-17 18:42:44,-0.0129,SENS
m71wbv,https://i.redd.it/j23s9k6joln61.jpg,19,2021-03-17 18:40:53,-0.0369154761904762,GME
m71vg3,https://www.businesswire.com/news/home/20210317005599/en/United-Wholesale-Mortgage-Launches-Prime-Jumbo-Helping-Mortgage-Brokers-Compete-With-Big-Banks,6,2021-03-17 18:39:44,0.5233772727272727,UWMC
m71rkf,https://i.redd.it/ts7o2od2nln61.png,1,2021-03-17 18:34:43,-0.14800000000000002,GME
m71n8m,https://research.tdameritrade.com/grid/public/markets/news/story.asp?docKey=1-SN20210317008430&cid=1-SN20210317008430-MIP,1,2021-03-17 18:28:57,0.0249,GME
m71m5z,https://twitter.com/CytoSorbents/status/1372186058377547777?s=09,0,2021-03-17 18:27:26,0.0,CTSO
m71fdr,https://i.redd.it/imonhhkikln61.jpg,1,2021-03-17 18:18:22,0.27980000000000005,GME
m71bq4,https://www.marketwatch.com/story/bond-king-bill-gross-says-he-made-10-million-shorting-gamestop-11615988973,0,2021-03-17 18:13:28,0.0,GME
m71a2b,https://i.redd.it/p2iqsgn8jln61.jpg,1,2021-03-17 18:11:12,-0.21075,GME
m716ns,https://i.redd.it/587e0zqeiln61.jpg,0,2021-03-17 18:06:38,0.0,GME
m7165f,https://i.redd.it/z6i3jgfailn61.jpg,1,2021-03-17 18:05:55,-0.0129,GME
m7117q,https://imgur.com/a/QT3Gy25/,0,2021-03-17 17:59:44,0.0,GME
m70zv2,https://www.reddit.com/r/wallstreetbets/comments/m70zv2/gme_options_heatmap_98_calls_vs_puts/,71,2021-03-17 17:57:51,0.0474573943661972,GME
m70y7s,https://i.redd.it/af86n4zfgln61.png,1,2021-03-17 17:55:32,-0.25475,NBRV
m70xcy,https://i.redd.it/ajjige28gln61.jpg,56,2021-03-17 17:54:19,0.06482157534246574,SON WH UWMC
m70vl7,https://i.redd.it/pnxmwv3lfln61.gif,2,2021-03-17 17:51:58,0.65875,GME
m70uas,https://i.redd.it/mxsr2knhfln61.png,0,2021-03-17 17:50:12,0.9993,TRUE
m70s97,https://www.torproject.org,0,2021-03-17 17:47:29,0.0,IP
m70rox,https://i.redd.it/i9sez93veln61.jpg,8,2021-03-17 17:46:44,0.03646666666666665,AMC
m70k3g,http://www.mavalue.org/research/inmd-dont-get-your-face-burned-off/?__cf_chl_jschl_tk__=6b1010c714c6b09e188d31da8730b69017c58fc3-1615986588-0-AXEg-zFbiFp0PL7oBYWz-PRYM6q6Q1B2OKRn81XrZC408VRY0Y5XQ40YOjBmbjEl3XQUtk4d0auMZymScYGTjhPIi3itMsQAjZf-88dmA2rlTwZ-OSP1iFqhFW6LWl8xhPDs82PKLJyb2RlkFcmN8UW_0Wjzf26FLGHvlfz3AJEzQ7QMbdVDdqNKhvTgqMqVymUBGHYOpaDe5G_L8HPp4AVDc9q97ALcs2XM5Le4jbIyzxV8n553SCs2Z-jwdgWyw2NOxVB1l00QHT-bMuZUTbitXycqVueOjf991lG6xeq7x8NOIOXgzzuEt2rU74S1oKggB0qbC5OFZyPgBAzNrXnPJ0-RLFMQtB3PRVonCYxbDfyGpmaFeVWpizDgVOfK-w,0,2021-03-17 17:36:28,-0.6239,INMD
m70c0o,https://i.redd.it/uim7qjazaln61.jpg,1,2021-03-17 17:24:58,-0.2787,FUBO GME
m704u9,https://www.mpamag.com/news/united-wholesale-mortgage-reveals-broker-response-to-ultimatum-249407.aspx,41,2021-03-17 17:14:59,-0.0853682692307692,UWMC
m703gq,https://i.redd.it/qz7623wn8ln61.png,0,2021-03-17 17:12:58,-0.5106,AMC
m6ztq2,https://i.redd.it/pwogvv4f6ln61.jpg,0,2021-03-17 16:59:22,0.9993,GME
m6zqd1,https://i.redd.it/tjqtxmwe5ln61.png,0,2021-03-17 16:53:44,0.0,GME
m6zjcp,https://www.reddit.com/r/wallstreetbets/comments/m6zjcp/317_wednesdays_premarket_stock_movers_news/,7,2021-03-17 16:42:38,0.18794705882352944,JNJ LEN FTEK MKSI BIDU MU NDAQ PLUG PDD UBER CRWD BABA COUP OPEN LE IIVI WRE COHR FE LITE CTLT INTC
m6zdqu,https://www.reddit.com/r/wallstreetbets/comments/m6zdqu/uwmc_addendum_update/,73,2021-03-17 16:33:42,-0.027133767361111102,UWM GME UWMC
m6zd70,https://i.redd.it/4e9wj5so1ln61.jpg,1,2021-03-17 16:32:51,0.0129,G
m6z9jj,https://i.imgur.com/2HLforp.jpg,0,2021-03-17 16:27:03,0.3094,HUGE
m6z79q,https://i.redd.it/zyx81jlzzkn61.jpg,0,2021-03-17 16:23:19,0.4588,KMPH
m6z5h9,https://i.redd.it/yoh1pjxfzkn61.jpg,0,2021-03-17 16:20:15,0.0,TLRY
m6ywev,https://www.politico.com/news/2021/03/16/fda-at-home-covid-tests-476355,0,2021-03-17 16:05:15,0.0,SRNE
m6yq57,https://www.reddit.com/r/DeepFuckingValue/comments/m6xkxt/synopsis_for_gme_03172021_what_we_need_to_know/?utm_source=share&utm_medium=ios_app&utm_name=iossmf,0,2021-03-17 15:54:54,0.0,GME
m6yo4m,https://www.reddit.com/r/wallstreetbets/comments/m6yo4m/if_the_fed_makes_the_market_shit_the_bed_today/,44,2021-03-17 15:51:18,-0.2369656756756757,SPY IQ
m6ylc2,https://investors.canoo.com/news-presentations/press-releases/detail/50/canoo-to-announce-fourth-quarter-and-full-year-2020,3,2021-03-17 15:46:14,0.0,GOEV
m6yj6u,https://i.redd.it/vkk79ueoskn61.jpg,2,2021-03-17 15:42:21,0.39305,BEST
m6yhnf,http://www.youtube.com/watch?v=imRzHXRq80I,1,2021-03-17 15:39:39,-0.3271,GME
m6yg5t,https://i.redd.it/13529d1qrkn61.jpg,2,2021-03-17 15:36:58,0.390125,MNKD
m6ydxu,https://www.ir.plugpower.com/Press-Releases/Press-Release-Details/2021/Plug-Power-Continues-Executing-on-its-Green-Hydrogen-Strategy-with-Purchase-of-Hydrogen-Liquefaction-System-from-Chart-Industries/default.aspx,8,2021-03-17 15:33:15,0.10715,PLUG
m6ybtp,https://i.redd.it/hmsgh1ciqkn61.jpg,2,2021-03-17 15:30:10,0.2705,MNKD
m6yb9m,https://i.redd.it/cqrj93pbqkn61.jpg,0,2021-03-17 15:29:08,-0.5719,SPY
m6ya2t,https://www.reddit.com/r/wallstreetbets/comments/m6ya2t/the_easiest_way_to_calculate_gme_short_interest/,71,2021-03-17 15:26:51,0.2645664901664145,GME
m6y9m7,https://i.redd.it/ednw6vbrpkn61.jpg,4,2021-03-17 15:25:59,0.1586,GME
m6y4km,https://www.forbes.com/sites/chuckjones/2021/03/16/gamestops-sudden-move-higher-is-another-trap/,28,2021-03-17 15:16:38,-0.267171,GME
m6y2ed,https://i.redd.it/r2l7c3mfnkn61.jpg,5,2021-03-17 15:12:56,0.7846,GME UWMC
m6xtcf,https://i.redd.it/82su7aonkkn61.jpg,1,2021-03-17 14:57:23,0.73395,AAPL
m6xp7v,https://i.redd.it/20hkwz4bjkn61.jpg,0,2021-03-17 14:49:49,0.4137,GOLD
m6xp6q,https://i.redd.it/05ngiblajkn61.jpg,2,2021-03-17 14:49:44,0.384875,AAPL
m6xfol,https://i.redd.it/fhyy4j2tfkn61.png,1,2021-03-17 14:31:12,0.2449,SREV GME
m6x2ee,https://i.redd.it/stzei4elbkn61.jpg,0,2021-03-17 14:06:34,0.9992,PM GME
m6x1uo,https://www.reddit.com/gallery/m6x1uo,7,2021-03-17 14:05:47,0.021600000000000008,AMC
m6x1di,https://i.redd.it/q0s78gebbkn61.jpg,1,2021-03-17 14:05:04,0.52415,AMC GME
m6x1dg,https://i.redd.it/sfuh3gabbkn61.jpg,238,2021-03-17 14:05:04,0.482178892871366,AMC GME
m6wyn9,https://www.reddit.com/r/wallstreetbets/comments/m6wyn9/unpinned_daily_discussion_thread_for_march_17_2021/,376,2021-03-17 14:00:15,0.026136643586005818,TWTR
m6wyk2,https://www.reddit.com/r/wallstreetbets/comments/m6wyk2/daily_discussion_thread_for_march_17_2021/,25035,2021-03-17 14:00:13,0.00770660485202591,TWTR
m6ww8y,https://i.redd.it/2z2udp0n9kn61.jpg,0,2021-03-17 13:55:38,0.9992,REVG AMC
m6wvxb,https://i.redd.it/bqh7snxi9kn61.jpg,0,2021-03-17 13:55:00,0.9992,REVG AMC
m6wgyy,https://i.redd.it/57pg6uz44kn61.jpg,0,2021-03-17 13:24:48,0.0,GME
m6wgly,https://www.reddit.com/gallery/m6wgly,2,2021-03-17 13:24:00,-0.25475,NEOS
m6w47s,https://i.redd.it/tqw00nxszjn61.jpg,0,2021-03-17 13:00:29,0.0,TSLA
m6w3cr,https://i.redd.it/30abnd1jzjn61.jpg,1,2021-03-17 12:58:57,-0.2294,GME
m6w1be,https://i.redd.it/unu2p1psyjn61.jpg,3,2021-03-17 12:54:51,-0.2294,GME
m6vxou,https://twitter.com/WARONRUGS/status/1372087900481916930,1,2021-03-17 12:46:51,-0.763,TWTR
m6vwp5,https://i.redd.it/ivlxdvdywjn61.jpg,1,2021-03-17 12:44:32,0.0746,AMC
m6vsyb,https://www.reddit.com/r/wallstreetbets/comments/m6vsyb/quick_dd_on_ai_the_potential_upside/,50,2021-03-17 12:37:13,0.06906354166666666,RTX AI PLTR
m6vpnj,https://www.reddit.com/r/wallstreetbets/comments/m6vpnj/maxr_dd/,16,2021-03-17 12:30:37,0.11168928571428573,ARKK GEO MAXR
m6voel,https://finance.yahoo.com/news/funko-next-big-nft-winner-220612088.html,1,2021-03-17 12:27:43,-0.010599999999999998,FNKO
m6v4oq,https://i.redd.it/q88zqvu5njn61.jpg,1,2021-03-17 11:49:38,0.0245,GME
m6utlo,https://i.redd.it/6cc3x437jjn61.jpg,211,2021-03-17 11:27:25,0.09475885826771653,GME
m6uhww,https://www.reddit.com/r/wallstreetbets/comments/m6uhww/uwmc_gamma_squeeze_dd/,85,2021-03-17 11:03:30,0.10222679097154072,UWMC
m6u2km,https://www.reddit.com/r/wallstreetbets/comments/m6u2km/why_uwmc_is_no_match_for_rkt_in_the_long_term/,28,2021-03-17 10:33:23,-0.1875770304568528,KMX RKT RDFN UI ZG LMND Z UWMC
m6tw5f,https://i.redd.it/7ca31slb7jn61.jpg,0,2021-03-17 10:20:53,0.0,AMC
m6trdg,https://www.reddit.com/gallery/m6trdg,0,2021-03-17 10:12:06,0.0,GME SNDL
m6thw7,https://i.redd.it/ibxr414j2jn61.jpg,1,2021-03-17 09:54:00,0.3042,GME
m6tggw,https://i.redd.it/ngxf6t732jn61.jpg,1,2021-03-17 09:51:32,0.0245,GME
m6tffl,https://www.reddit.com/gallery/m6tffl,2,2021-03-17 09:49:44,-0.17805,GME
m6tcrd,https://www.reddit.com/r/wallstreetbets/comments/m6tcrd/witness_overview_march_17_hearing/,46,2021-03-17 09:44:36,0.1155962427745665,TWTR HEAR
m6tc16,https://www.bloomberg.com/news/articles/2021-03-16/wallstreetbets-founder-goes-to-hollywood-with-his-gamestop-tale?utm_source=google&utm_medium=bd&utm_campaign=Pursuits&cmpId=GP.Pursuits,4,2021-03-17 09:43:06,-0.05103333333333334,GME
m6szad,https://i.redd.it/byamewrevin61.png,11,2021-03-17 09:19:56,-0.32062368421052634,GME
m6syid,https://i.redd.it/0jdtnjo6win61.jpg,32,2021-03-17 09:18:26,0.27114486607142857,GME
m6sv8z,https://www.reddit.com/r/wallstreetbets/comments/m6sv8z/in_a_world_full_of_overvalued_inflated/,110,2021-03-17 09:12:26,0.3682009124087591,BABA AMZN PINC DIS
m6skoj,https://i.redd.it/9hqbgmryrin61.jpg,4,2021-03-17 08:54:48,0.175,TWTR
m6sgzd,https://www.reddit.com/r/wallstreetbets/comments/m6sgzd/march_17th_dd_gmeamc/,111,2021-03-17 08:48:23,0.17013094736842105,AMC RSI OPEN GME
m6sg7r,https://i.redd.it/xxfwxx3aqin61.png,12,2021-03-17 08:47:08,0.6144409090909091,GME
m6se82,https://www.reddit.com/r/wallstreetbets/comments/m6se82/lumen_technologies_inc_lumn_too_late_to_the_party/,28,2021-03-17 08:44:00,0.3839703125,DSL LUMN GME
m6sczw,https://www.youtube.com/watch?v=erN--BGeg84,1,2021-03-17 08:42:01,-0.3271,GME
m6s5oa,https://www.reddit.com/r/wallstreetbets/comments/m6s5oa/as_fun_and_exciting_it_has_been_watching_this/,44,2021-03-17 08:29:05,-0.21165839350180504,GME
m6s4sq,https://www.reddit.com/r/wallstreetbets/comments/m6s4sq/cstl_dd_postcovid_people_going_outside_and_they/,9,2021-03-17 08:27:24,-0.3149673076923077,AI CMS GENE RSI CSTL
m6s4qz,https://i.redd.it/wl3xgl32nin61.jpg,0,2021-03-17 08:27:18,0.1477,GME
m6rxyr,https://www.bloomberg.com/news/articles/2021-03-16/bill-gross-says-he-s-short-treasuries-expecting-3-4-inflation?srnd=premium,0,2021-03-17 08:16:07,-0.9993,GME
m6rx64,https://i.redd.it/485yb43ukin61.jpg,1,2021-03-17 08:14:52,0.0,ATH
m6rvg4,https://fb.watch/4heFTI5mF5/,0,2021-03-17 08:11:52,-0.3129,TSLA
m6ru8p,https://v.redd.it/ek4jotyqjin61,1,2021-03-17 08:09:47,0.4872,AMC GME
m6ru4x,https://www.reddit.com/r/wallstreetbets/comments/m6ru4x/can_amc_realistically_hit_100share/,264,2021-03-17 08:09:34,0.009345112107623321,AMC
m6rowt,https://www.reddit.com/r/wallstreetbets/comments/m6rowt/sue_shorts_manipulating_gme_amc/,39,2021-03-17 08:01:04,-0.16426619170984458,AMC GME
